立案时间,火警地址,火警类型,所属大队,所属街道,实/虚警,所属队站,备注内容,微站,微站调派时间,微站出动时间,微站到场时间,微站出动用时,中队到场时间,微站出水情况,微站处置,建筑物内/外,中队出动时间,纬度,经度,地理编码状态,月份
2025-01-30 20:31:00,浦东新区 周浦镇 周园路388号会丽苑小区东门外（烟花）（消防处置）（到场处置）,杂物,三林大队（六大队）,周浦镇,实警,周浦站,室外烧杂物,半岛微站,1/30/2025 20:32,1/30/2025 20:33,1/30/2025 20:37,87.0,1/30/2025 20:41,否,监护,,1/30/2025 20:32,,,失败: ENGINE_RESPONSE_DATA_ERROR,2025-01
2025-01-30 19:24:00,浦东新区 康桥镇 康新路 靠近 康桥东路 （驻防车出动）（经核实无需消防处置）（到场未处置）,杂物,三林大队（六大队）,康桥镇,实警,申江站,室外烧杂草,橫沔微站,1/30/2025 19:25,1/30/2025 19:25,1/30/2025 19:30,25.0,1/30/2025 19:44,是,出水处置,,1/30/2025 19:25,,,失败: ENGINE_RESPONSE_DATA_ERROR,2025-01
2025-01-30 15:02:00,浦东新区 合庆镇 龙东支路 靠近 人民塘路 往南500米（消防处置）（到场处置）,杂物,川沙大队（三大队）,合庆镇,实警,川沙站,室外烧杂草,向阳微站,1/30/2025 15:04,1/30/2025 15:06,1/30/2025 15:12,151.0,1/30/2025 15:17,是,出水处置,,1/30/2025 15:03,,,失败: ENGINE_RESPONSE_DATA_ERROR,2025-01
2025-01-29 10:14:00,浦东新区 祝桥镇 凌空路 靠近 航城七路 往北10米（消防处置）（到场处置）,杂物,惠南大队（八大队）,祝桥镇,实警,江镇站,室外烧杂物,六团储店微站,1/29/2025 10:15,1/29/2025 10:15,1/29/2025 10:21,35.0,1/29/2025 10:23,否,排查,,1/29/2025 10:14,,,失败: ENGINE_RESPONSE_DATA_ERROR,2025-01
2025-01-29 06:50:00,浦东新区 六灶镇鹿溪村 向学街253号（微站处置）（到场未处置）,电线,川沙大队（三大队）,川沙新镇,实警,六灶站,室外电线短路,六灶鹿城微站,1/29/2025 6:52,1/29/2025 6:55,1/29/2025 6:59,153.0,1/29/2025 6:58,是,出水处置,,1/29/2025 6:51,,,失败: ENGINE_RESPONSE_DATA_ERROR,2025-01
2025-01-29 03:07:00,浦东新区 唐镇镇 创新西路 靠近 唐安路 往东100米（祭扫）（居民处置）（到场未处置）,杂物,川沙大队（三大队）,唐镇,实警,唐镇站,室外烧祭祀,龚卢路微站,1/29/2025 3:08,1/29/2025 3:09,1/29/2025 3:17,105.0,1/29/2025 3:17,否,警戒,,1/29/2025 3:08,,,失败: ENGINE_RESPONSE_DATA_ERROR,2025-01
2025-01-28 23:55:00,浦东新区 宣桥镇 六奉公路 靠近 汇骏路 北面100-200米左右（烟花）（专职队处置）（到场处置）,杂物,惠南大队（八大队）,宣桥镇,实警,惠南站,室外烧杂物,陆桥分站微站,1/28/2025 23:58,1/28/2025 23:59,1/29/2025 0:00,73.0,1/29/2025 0:11,是,出水处置,,1/28/2025 23:56,,,失败: ENGINE_RESPONSE_DATA_ERROR,2025-01
2025-01-28 23:49:00,浦东新区 航头镇 福善村14组425号1楼内（驻防车出动）（消防处置）（到场处置）,居民,三林大队（六大队）,航头镇,实警,航头站,卧室烧被子,航南微站,1/28/2025 23:50,1/28/2025 23:51,1/29/2025 0:01,79.0,1/28/2025 23:57,否,排查,,1/28/2025 23:49,,,失败: ENGINE_RESPONSE_DATA_ERROR,2025-01
2025-01-28 19:58:00,浦东新区 万祥镇 新建村新三4组425号 农村自建房（消防处置）（到场处置）,居民,临港大队（九大队）,万祥镇,实警,书院站,烧茅草屋内杂物,祥凯路微站,1/28/2025 20:00,1/28/2025 20:05,1/28/2025 20:12,296.0,1/28/2025 20:13,是,出水处置,,1/28/2025 19:59,,,失败: ENGINE_RESPONSE_DATA_ERROR,2025-01
2025-01-28 19:39:00,浦东新区 周浦镇 秀康路 上河园北门（烟花）（消防处置）（到场处置）,杂物,三林大队（六大队）,康桥镇,实警,周浦站,室外烧树,康花微站,1/28/2025 19:39,1/28/2025 19:39,1/28/2025 19:46,12.0,1/28/2025 19:42,是,出水处置,,1/28/2025 19:39,,,失败: ENGINE_RESPONSE_DATA_ERROR,2025-01
2025-01-28 19:05:00,浦东新区 惠南镇 远洋湾东南门（微站处置）（到场未处置）,杂物,惠南大队（八大队）,惠南镇,实警,惠南站,室外烧杂草,惠园微站,1/28/2025 19:08,1/28/2025 19:08,1/28/2025 19:16,11.0,1/28/2025 19:27,否,排查,,1/28/2025 19:06,,,失败: ENGINE_RESPONSE_DATA_ERROR,2025-01
2025-01-28 18:50:00,浦东新区 惠南镇 建欣北苑9号1302室（消防处置）（到场处置）,居民,惠南大队（八大队）,惠南镇,实警,惠南站,空调外机起火,南门微站,1/28/2025 18:50,1/28/2025 18:53,1/28/2025 18:58,141.0,1/28/2025 18:56,否,警戒,,1/28/2025 18:50,,,失败: ENGINE_RESPONSE_DATA_ERROR,2025-01
2025-01-28 18:08:00,浦东新区 宣桥镇陆桥村1队263号附近（微站处置）（到场未处置）,杂物,惠南大队（八大队）,宣桥镇,实警,惠南站,室外烧杂草,陆桥分站微站,1/28/2025 18:09,1/28/2025 18:11,1/28/2025 18:13,134.0,1/28/2025 18:25,是,出水处置,,1/28/2025 18:09,,,失败: ENGINE_RESPONSE_DATA_ERROR,2025-01
2025-01-28 16:26:00,浦东新区 泥城镇马厂村264号农村自建房（消防处置）（到场处置）,居民,临港大队（九大队）,泥城镇,实警,泥城站,卧室烧衣服和家具,彭镇微站,1/28/2025 16:28,1/28/2025 16:30,1/28/2025 16:33,74.0,1/28/2025 16:33,否,警戒,,1/28/2025 16:26,,,失败: ENGINE_RESPONSE_DATA_ERROR,2025-01
2025-01-28 14:52:00,浦东新区 惠南镇汇南村511号前面 （EB）（消防处置）（到场处置）,车辆（电瓶车）,惠南大队（八大队）,惠南镇,实警,惠南站,室外烧一辆电瓶车,惠园微站,1/28/2025 14:53,1/28/2025 14:54,1/28/2025 14:57,54.0,1/28/2025 15:00,是,出水处置,,1/28/2025 14:52,,,失败: ENGINE_RESPONSE_DATA_ERROR,2025-01
2025-01-28 14:32:00,浦东新区 周浦镇 文康路 月桂苑16号楼501室（居民处置）（到场未处置）,居民,三林大队（六大队）,周浦镇,实警,周浦站,厨房油烟机起火,半岛微站,1/28/2025 14:33,1/28/2025 14:35,1/28/2025 14:39,115.0,1/28/2025 14:39,否,排查,,1/28/2025 14:32,,,失败: ENGINE_RESPONSE_DATA_ERROR,2025-01
2025-01-28 13:19:00,浦东新区 南码头街道 临沂六村35号附近绿化带（祭扫）（经核实无需消防处置）（到场未处置）,杂物,世博大队（七大队）,南码头路街道,实警,临沂站,室外烧树叶,临沂六村微站,1/28/2025 13:20,1/28/2025 13:21,1/28/2025 13:23,31.0,1/28/2025 13:25,是,出水处置,,1/28/2025 13:19,,,失败: ENGINE_RESPONSE_DATA_ERROR,2025-01
2025-01-27 22:07:00,浦东新区 三林镇 康德家园 30号（消防处置）（到场处置）,杂物,三林大队（六大队）,三林镇,实警,林南站,现场是烧杂草,懿德微站,1/27/2025 22:08,1/27/2025 22:10,1/27/2025 22:19,94.0,1/27/2025 22:16,否,警戒,,1/27/2025 22:08,,,失败: ENGINE_RESPONSE_DATA_ERROR,2025-01
2025-01-27 22:05:00,浦东新区 曹路镇 海鸣路566弄河678弄之间（烟花）（消防处置）（到场处置）,杂物,外高桥大队（五大队）,曹路镇,实警,曹路站,现场是放烟花导致杂草着火,金钻路微站,1/27/2025 22:06,1/27/2025 22:07,1/27/2025 22:14,74.0,1/27/2025 22:13,否,配合处置,,1/27/2025 22:06,,,失败: ENGINE_RESPONSE_DATA_ERROR,2025-01
2025-01-27 21:37:00,浦东新区 康桥镇 秀沿路 城中花园小区门口往东100米-200米 咸塘港桥上（烟花）（消防处置）（到场处置）,杂物,三林大队（六大队）,康桥镇,实警,周浦站,现场是燃放烟花导致垃圾着火,康花微站,1/27/2025 21:38,1/27/2025 21:40,1/27/2025 21:45,94.0,1/27/2025 21:48,否,警戒,,1/27/2025 21:37,,,失败: ENGINE_RESPONSE_DATA_ERROR,2025-01
2025-01-27 21:24:00,浦东新区 航头镇 长达路 靠近 闸航公路（烟花）（消防处置）（到场处置）,杂物,三林大队（六大队）,航头镇,实警,航头站,现场是烧大棚,航南微站,1/27/2025 21:25,1/27/2025 21:26,1/27/2025 21:36,52.0,1/27/2025 21:36,是,出水处置,,1/27/2025 21:25,,,失败: ENGINE_RESPONSE_DATA_ERROR,2025-01
2025-01-27 20:28:00,浦东新区 康桥镇 川周公路2880号旭辉亚瑟郡北门口（烟花）（消防处置）（到场处置）,杂物,三林大队（六大队）,康桥镇,实警,申江站,现场是发现工地围墙内的树叶着火,橫沔微站,1/27/2025 20:29,1/27/2025 20:31,1/27/2025 20:33,109.0,1/27/2025 20:38,是,出水处置,,1/27/2025 20:28,,,失败: ENGINE_RESPONSE_DATA_ERROR,2025-01
2025-01-27 20:02:00,浦东新区 康桥镇 秀康路 申花基地旁边 桥墩下面（烟花）（微站处置）（到场未处置）,杂物,三林大队（六大队）,康桥镇,实警,周浦站,现场是室外烧杂物,康花微站,1/27/2025 20:03,1/27/2025 20:04,1/27/2025 20:06,60.0,1/27/2025 20:14,是,出水处置,,1/27/2025 20:03,,,失败: ENGINE_RESPONSE_DATA_ERROR,2025-01
2025-01-27 19:57:00,浦东新区 周浦镇 瑞阳路 付家宅桥下草坪（驻防车出动）（烟花）（消防处置）（到场处置）,杂物,三林大队（六大队）,周浦镇,实警,周浦站,现场是外面烧杂物,沈西村微站,1/27/2025 19:58,1/27/2025 20:00,1/27/2025 20:08,117.0,1/27/2025 20:11,是,出水处置,,1/27/2025 19:58,,,失败: ENGINE_RESPONSE_DATA_ERROR,2025-01
2025-01-27 19:00:00,浦东新区 老港镇 拱极路 靠近 东港路（烟花）（燃烧物燃尽）（到场未处置）,杂物,临港大队（九大队）,老港镇,实警,老港站,现场是燃放烟花导致的草坪着火,牛肚村微站,1/27/2025 19:02,1/27/2025 19:03,1/27/2025 19:04,43.0,1/27/2025 19:13,否,配合处置,,1/27/2025 19:00,,,失败: ENGINE_RESPONSE_DATA_ERROR,2025-01
2025-01-27 18:31:00,浦东新区 万祥镇 万牧路 靠近 金和路 往北500米（消防处置）（到场处置）,杂物,临港大队（九大队）,万祥镇,实警,书院站,现场是烧室外的树木,万祥微站,1/27/2025 18:37,1/27/2025 18:41,1/27/2025 18:48,252.0,1/27/2025 18:44,否,警戒,,1/27/2025 18:32,,,失败: ENGINE_RESPONSE_DATA_ERROR,2025-01
2025-01-27 14:42:00,浦东新区 合庆镇 永红村2队丁家宅2号室外棚子（微站处置）（到场未处置）,居民,川沙大队（三大队）,合庆镇,实警,川沙站,现场烧室外搭的棚子,跃丰微站,1/27/2025 14:42,1/27/2025 14:44,1/27/2025 14:48,130.0,1/27/2025 14:51,是,出水处置,,1/27/2025 14:43,,,失败: ENGINE_RESPONSE_DATA_ERROR,2025-01
2025-01-26 22:57:00,浦东新区 曹路镇 溪平路 鸿明佳苑23号边上（消防处置）（到场处置）,杂物,外高桥大队（五大队）,曹路镇,实警,曹路站,室外烧垃圾,龚丰路微站,1/26/2025 22:57,1/26/2025 22:59,1/26/2025 23:02,105.0,1/26/2025 23:03,,,,1/26/2025 22:57,,,失败: ENGINE_RESPONSE_DATA_ERROR,2025-01
2025-01-26 11:24:00,浦东新区 祝桥镇 千汇路1000弄(祝和苑)北区185号401室（燃烧物质燃尽）（到场未处置）,居民,惠南大队（八大队）,祝桥镇,实警,祝桥站,楼道烧祭祀,祝桥微站,1/26/2025 11:26,1/26/2025 11:27,1/26/2025 11:33,18.0,1/26/2025 11:36,,,,1/26/2025 11:25,,,失败: ENGINE_RESPONSE_DATA_ERROR,2025-01
2025-01-26 11:11:00,浦东新区 川沙新镇 吉灿南路31弄8号6楼（鹿达雅苑）（祭扫）（居民处置）（到场未处置）,居民,川沙大队（三大队）,川沙新镇,实警,六灶站,楼道烧祭祀,六灶鹿城微站,1/26/2025 11:12,1/26/2025 11:13,1/26/2025 11:17,49.0,1/26/2025 11:16,,,,1/26/2025 11:11,,,失败: ENGINE_RESPONSE_DATA_ERROR,2025-01
2025-01-25 18:32:00,浦东新区 新场镇 康新公路 新北小区门口 （烟花）（其他社会力量处置）（到场未处置）,杂物,惠南大队（八大队）,新场镇,实警,航头站,室外烧杂物,新场专职队,1/25/2025 18:33,1/25/2025 18:34,1/25/2025 18:39,43.0,1/25/2025 18:45,是,出水处置,,1/25/2025 18:33,,,失败: ENGINE_RESPONSE_DATA_ERROR,2025-01
2025-01-25 16:28:00,浦东新区 北蔡镇 高青路 靠近 鹏岳路（驻防车出动）（消防处置）（到场处置）,杂物,三林大队（六大队）,北蔡镇,实警,永泰站,室外烧杂物,世博微站,1/25/2025 16:31,1/25/2025 16:33,1/25/2025 16:41,106.0,1/25/2025 16:41,否,警戒,,1/25/2025 16:29,,,失败: ENGINE_RESPONSE_DATA_ERROR,2025-01
2025-01-24 20:16:00,浦东新区 周浦镇 周祝公路1548号 靠近 S2（居民处置）（到场处置）,杂物,三林大队（六大队）,周浦镇,实警,申江站,室外烧木材,界浜村微站,1/24/2025 20:17,1/24/2025 20:18,1/24/2025 20:22,31.0,1/24/2025 20:23,否,排查,,1/24/2025 20:16,,,失败: ENGINE_RESPONSE_DATA_ERROR,2025-01
2025-01-24 08:30:00,浦东新区 张江镇 华夏西路 靠近 三八河 路口西面200米（消防处置）（到场处置）,杂物,三林大队（六大队）,北蔡镇,实警,张江站,室外烧树叶,御桥微站,1/24/2025 8:32,1/24/2025 8:32,1/24/2025 8:39,24.0,1/24/2025 8:45,否,警戒,,1/24/2025 8:30,,,失败: ENGINE_RESPONSE_DATA_ERROR,2025-01
2025-01-23 16:07:00,浦东新区 老港镇 牛肚村874号农村自建房（消防处置）（到场处置）,居民,临港大队（九大队）,老港镇,实警,老港站,厨房烧垃圾,牛肚村微站,1/23/2025 16:08,1/23/2025 16:09,1/23/2025 16:18,97.0,1/23/2025 16:18,否,警戒,,1/23/2025 16:07,,,失败: ENGINE_RESPONSE_DATA_ERROR,2025-01
2025-01-23 15:47:00,浦东新区 高行镇 高行绿洲四期 6号14层（经核实无需消防处置）（到场未处置）,居民,保税大队（四大队）,高行镇,实警,保税站,居民楼道烧祭祀,森兰商圈微站,1/23/2025 15:49,1/23/2025 15:49,1/23/2025 15:56,11.0,1/23/2025 15:56,否,警戒,,1/23/2025 15:48,,,失败: ENGINE_RESPONSE_DATA_ERROR,2025-01
2025-01-23 12:16:00,浦东新区 祝桥镇 航城三路518弄20号9楼（祭扫）（其他社会力量处置）（到场未处置）,居民,惠南大队（八大队）,祝桥镇,实警,江镇站,居民楼道烧祭祀,祝桥专职队,1/23/2025 12:16,1/23/2025 12:18,1/23/2025 12:23,94.0,1/23/2025 12:28,否,警戒,,1/23/2025 12:16,,,失败: ENGINE_RESPONSE_DATA_ERROR,2025-01
2025-01-22 16:55:00,浦东新区 川沙新镇 华夏东路2938弄7号101室华庆小区对面（居民处置）（到场未处置）,杂物,川沙大队（三大队）,合庆镇,实警,川沙站,室外烧杂草,城厢南市微站,1/22/2025 16:57,1/22/2025 16:57,1/22/2025 17:02,29.0,1/22/2025 17:04,否,监护,,1/22/2025 16:55,,,失败: ENGINE_RESPONSE_DATA_ERROR,2025-01
2025-01-22 15:28:00,浦东新区 川沙新镇 陈桥村15组1012号附近（消防处置）（到场处置）,杂物,川沙大队（三大队）,川沙新镇,实警,六灶站,室外烧杂物,六灶鹿城微站,1/22/2025 15:29,1/22/2025 15:29,1/22/2025 15:39,38.0,1/22/2025 15:40,否,警戒,,1/22/2025 15:28,,,失败: ENGINE_RESPONSE_DATA_ERROR,2025-01
2025-01-22 11:36:00,浦东新区 书院镇桃园村新六732号农村自建房（居民处置）（到场未处置）,居民,临港大队（九大队）,书院镇,实警,书院站,烧过年烧香的香炉,新港微站,1/22/2025 11:38,1/22/2025 11:38,1/22/2025 11:47,13.0,1/22/2025 11:46,否,警戒,,1/22/2025 11:37,,,失败: ENGINE_RESPONSE_DATA_ERROR,2025-01
2025-01-22 02:13:00,浦东新区 书院镇中久村182号农村自建房（消防处置）（到场处置）,居民,临港大队（九大队）,书院镇,实警,书院站,烧柴房和院子内杂物、汽车,书院微站,1/22/2025 2:15,1/22/2025 2:15,1/22/2025 2:18,2.0,1/22/2025 2:30,是,出水处置,,1/22/2025 2:13,,,失败: ENGINE_RESPONSE_DATA_ERROR,2025-01
2025-01-21 22:23:00,浦东新区 万祥镇 祥安路 靠近 祥凯路口（祭扫）（燃烧物质燃尽）（到场未处置）,杂物,临港大队（九大队）,万祥镇,实警,书院站,烧祭祀,祥凯路微站,1/21/2025 22:24,1/21/2025 22:24,1/21/2025 22:27,21.0,1/21/2025 22:39,否,警戒,,1/21/2025 22:23,,,失败: ENGINE_RESPONSE_DATA_ERROR,2025-01
2025-01-21 15:06:00,【新】浦东新区 川沙新镇 黄楼村张家宅16号农村自建房（居民处置）（到场未处置）,居民,川沙大队（三大队）,川沙新镇,实警,唐镇站,油烟管道着火,黄楼微站,1/21/2025 15:07,1/21/2025 15:09,1/21/2025 15:15,71.0,1/21/2025 15:16,否,警戒,,1/21/2025 15:07,,,失败: ENGINE_RESPONSE_DATA_ERROR,2025-01
2025-01-21 11:58:00,浦东新区 惠南镇 书香路61弄7号504室（燃烧物质燃尽）（到场未处置）,居民,惠南大队（八大队）,惠南镇,实警,惠南站,楼道烧祭祀,勤奋微站,1/21/2025 12:00,1/21/2025 12:00,1/21/2025 12:01,12.0,1/21/2025 12:14,否,警戒,,1/21/2025 11:59,,,失败: ENGINE_RESPONSE_DATA_ERROR,2025-01
2025-01-21 07:24:00,浦东新区 曹路镇永丰村277号门口（EB）（消防处置）（到场处置）,车辆（电瓶车）,外高桥大队（五大队）,曹路镇,实警,曹路站,电瓶车和杂物着火,龚丰路微站,1/21/2025 7:26,1/21/2025 7:26,1/21/2025 7:29,15.0,1/21/2025 7:32,是,出水处置,,1/21/2025 7:25,,,失败: ENGINE_RESPONSE_DATA_ERROR,2025-01
2025-01-20 19:26:00,浦东新区 惠南镇 红光花园56号3楼（微站处置）（到场处置）,居民,惠南大队（八大队）,惠南镇,实警,惠南站,床上烧被褥,海曲雅苑微站,1/20/2025 19:28,1/20/2025 19:28,1/20/2025 19:33,13.0,1/20/2025 19:38,否,人员疏散,,1/20/2025 19:27,,,失败: ENGINE_RESPONSE_DATA_ERROR,2025-01
2025-01-19 21:03:00,浦东新区 新场镇 洪东街28弄6号1楼（专职队处置）（到场处置）,居民,惠南大队（八大队）,新场镇,实警,航头站,烧房间天花板,新南村微站,1/19/2025 21:04,1/19/2025 21:05,1/19/2025 21:17,49.0,1/19/2025 21:20,是,出水处置,,1/19/2025 21:03,,,失败: ENGINE_RESPONSE_DATA_ERROR,2025-01
2025-01-19 18:00:00,浦东新区 泥城镇 马五公路 靠近 南芦公路 往南100-200米农田内（微站处置）（到场未处置）,杂物,临港大队（九大队）,泥城镇,实警,泥城站,室外烧秸秆,彭镇微站,1/19/2025 18:01,1/19/2025 18:01,1/19/2025 18:03,11.0,1/19/2025 18:09,是,出水处置,,1/19/2025 18:00,,,失败: ENGINE_RESPONSE_DATA_ERROR,2025-01
2025-01-19 12:12:00,浦东新区 宣桥镇腰路村老8组425号 靠近 五丰路（消防处置）（到场处置）,杂物,惠南大队（八大队）,宣桥镇,实警,惠南站,农村室外搭建的小棚子,腰路村微站,1/19/2025 12:13,1/19/2025 12:14,1/19/2025 12:17,92.0,1/19/2025 12:29,是,出水处置,,1/19/2025 12:12,,,失败: ENGINE_RESPONSE_DATA_ERROR,2025-01
2025-01-19 11:50:00,浦东新区 三林镇 板泉路1555弄后面(尚东国际)（其他社会力量处置）（到场未处置）,杂物,三林大队（六大队）,三林镇,实警,永泰站,室外垃圾桶冒烟,杨东微站,1/19/2025 11:51,1/19/2025 11:53,1/19/2025 11:57,87.0,1/19/2025 12:05,否,警戒,,1/19/2025 11:51,,,失败: ENGINE_RESPONSE_DATA_ERROR,2025-01
2025-01-19 11:36:00,浦东新区 三林镇 中环 外圈 过上南路口200米（消防处置）（到场处置）,杂物,三林大队（六大队）,三林镇,实警,前滩站,高速隔离带着火,前滩微站,1/19/2025 11:38,1/19/2025 11:39,1/19/2025 11:51,95.0,1/19/2025 11:50,否,警戒,,1/19/2025 11:37,,,失败: ENGINE_RESPONSE_DATA_ERROR,2025-01
2025-01-18 10:54:00,浦东新区 惠南镇 宣黄公路 靠近 城西南路 往北近桥（微站处置）（到场未处置）,杂物,惠南大队（八大队）,惠南镇,实警,惠南站,路边烧杂物,惠园微站,1/18/2025 10:55,1/18/2025 10:55,1/18/2025 11:00,13.0,1/18/2025 11:12,是,出水处置,,1/18/2025 10:54,,,失败: ENGINE_RESPONSE_DATA_ERROR,2025-01
2025-01-18 09:34:00,浦东新区 航头镇 航川路52号川源物流园1号3楼 恒懋茂业有限公司（驻防车出动）（消防处置）（到场处置）,单位,三林大队（六大队）,航头镇,实警,航头站,房间内钢琴木架子着火,航头专职队,1/18/2025 9:35,1/18/2025 9:36,1/18/2025 9:41,51.0,1/18/2025 9:41,是,出水处置,,1/18/2025 9:34,,,失败: ENGINE_RESPONSE_DATA_ERROR,2025-01
2025-01-17 15:55:00,浦东新区 惠南镇团结村8组367号 团兴北路进入（消防处置）（到场处置）,杂物,惠南大队（八大队）,惠南镇,实警,惠南站,室外烧杂物,团结村微站,1/17/2025 15:57,1/17/2025 15:57,1/17/2025 16:00,16.0,1/17/2025 16:12,是,堵截,,1/17/2025 15:56,,,失败: ENGINE_RESPONSE_DATA_ERROR,2025-01
2025-01-17 15:16:00,浦东新区 书院镇 塘下公路 普露湾休闲园边上（微站处置）（到场未处置）,杂物,临港大队（九大队）,书院镇,实警,滴水湖站,室外烧杂草,书院微站,1/17/2025 15:16,1/17/2025 15:18,1/17/2025 15:23,67.0,1/17/2025 15:30,是,堵截,,1/17/2025 15:17,,,失败: ENGINE_RESPONSE_DATA_ERROR,2025-01
2025-01-17 13:57:00,浦东新区 张江镇 华佗路640号 沙县美食（九小场所-小餐饮）（消防处置）（到场处置）,单位,川沙大队（三大队）,张江镇,实警,张江站,烧灶台及油烟管道,莲溪微站,1/17/2025 13:58,1/17/2025 14:01,1/17/2025 14:09,163.0,1/17/2025 14:03,否,警戒,,1/17/2025 13:57,,,失败: ENGINE_RESPONSE_DATA_ERROR,2025-01
2025-01-16 20:04:00,浦东新区 宣桥镇张家桥村9组831号西面200米垃圾房（消防处置）（到场处置）,杂物,惠南大队（八大队）,宣桥镇,实警,惠南站,室外烧杂物,宣桥专职队,1/16/2025 20:05,1/16/2025 20:06,1/16/2025 20:14,83.0,1/16/2025 20:21,是,堵截,,1/16/2025 20:05,,,失败: ENGINE_RESPONSE_DATA_ERROR,2025-01
2025-01-16 18:45:00,浦东新区 周浦镇 林海公路 北向南 靠近 S32 入口闸道500米 树林里（祭扫）（消防处置）（到场处置）,杂物,三林大队（六大队）,周浦镇,实警,周浦站,室外烧祭祀品,三林专职队,1/16/2025 18:50,1/16/2025 18:52,1/16/2025 19:08,135.0,1/16/2025 19:10,是,堵截,,1/16/2025 18:48,,,失败: ENGINE_RESPONSE_DATA_ERROR,2025-01
2025-01-16 14:23:00,浦东新区 泥城镇 S2往市区 过 南芦公路200米左右地面道路（燃烧物质燃尽）（到场未处置）,杂物,临港大队（九大队）,泥城镇,实警,泥城站,室外烧秸秆,彭镇微站,1/16/2025 14:24,1/16/2025 14:25,1/16/2025 14:35,47.0,1/16/2025 14:42,否,警戒,,1/16/2025 14:23,,,失败: ENGINE_RESPONSE_DATA_ERROR,2025-01
2025-01-16 12:35:00,浦东新区 高行镇 东靖路 靠近 金京路口（EB）（驻防车出动）（微站处置）（到场未处置）,车辆,保税大队（四大队）,高行镇,实警,五洲站,电动三轮车控制器短路冒烟,高行微站,1/16/2025 12:37,1/16/2025 12:38,1/16/2025 12:42,67.0,1/16/2025 12:45,是,堵截,,1/16/2025 12:36,,,失败: ENGINE_RESPONSE_DATA_ERROR,2025-01
2025-01-16 04:09:00,浦东新区 宣桥镇 宣桥村422号门口（燃烧物燃尽）（到场未处置）,杂物,惠南大队（八大队）,宣桥镇,实警,惠南站,室外农田烧杂物,欣秋苑微站,1/16/2025 4:10,1/16/2025 4:11,1/16/2025 4:16,46.0,1/16/2025 4:23,是,出水处置,,1/16/2025 4:10,,,失败: ENGINE_RESPONSE_DATA_ERROR,2025-01
2025-01-14 07:47:00,浦东新区 康桥镇 康新路 靠近 拯安路（EB）（微站处置）（到场处置）,车辆（电瓶车）,三林大队（六大队）,康桥镇,实警,申江站,室外一辆电瓶车着火,橫沔微站,1/14/2025 7:48,1/14/2025 7:49,1/14/2025 7:53,15.0,1/14/2025 7:58,是,出水处置,,1/14/2025 7:47,,,失败: ENGINE_RESPONSE_DATA_ERROR,2025-01
2025-01-13 11:39:00,浦东新区 曹路镇 华东路 靠近 东靖路 崇明线105标（单位自处）（到场未处置）,工程工地,外高桥大队（五大队）,曹路镇,实警,曹路站,烧木材和保温材料,上川路微站,1/13/2025 11:40,1/13/2025 11:41,1/13/2025 11:42,39.0,1/13/2025 11:52,是,出水处置,,1/13/2025 11:39,,,失败: ENGINE_RESPONSE_DATA_ERROR,2025-01
2025-01-12 19:36:00,浦东新区 航头镇 鹤立西路 靠近 林海公路 往西200米（消防处置）（到场处置）,杂物,三林大队（六大队）,航头镇,实警,航头站,室外烧杂草,下沙微站,1/12/2025 19:37,1/12/2025 19:38,1/12/2025 19:44,36.0,1/12/2025 19:45,否,配合处置,,1/12/2025 19:37,,,失败: ENGINE_RESPONSE_DATA_ERROR,2025-01
2025-01-12 17:52:00,浦东新区 宣桥镇 六奉公路 靠近 宣黄公路 西面200米河边（微站处置）（到场未处置）,杂物,惠南大队（八大队）,宣桥镇,实警,惠南站,室外烧杂草,宣桥专职队,1/12/2025 17:53,1/12/2025 17:54,1/12/2025 17:58,60.0,1/12/2025 18:11,是,出水处置,,1/12/2025 17:52,,,失败: ENGINE_RESPONSE_DATA_ERROR,2025-01
2025-01-12 17:08:00,浦东新区 周浦镇 S3 靠近 S32高架下（驻防车出动）（微站处置）（到场处置）,杂物,三林大队（六大队）,周浦镇,实警,航头站,室外烧杂物,宏南微站,1/12/2025 17:10,1/12/2025 17:10,1/12/2025 17:24,9.0,1/12/2025 17:21,否,配合处置,,1/12/2025 17:09,,,失败: ENGINE_RESPONSE_DATA_ERROR,2025-01
2025-01-11 20:02:00,浦东新区 东明路街道 杨高南路 三林塘立交桥西侧 河边树林里（祭扫）（燃烧物燃尽）（到场未处置）,杂物,三林大队（六大队）,东明路街道,实警,林南站,室外烧祭祀,杨东微站,1/11/2025 20:03,1/11/2025 20:04,1/11/2025 20:15,55.0,1/11/2025 20:14,,,,1/11/2025 20:02,,,失败: ENGINE_RESPONSE_DATA_ERROR,2025-01
2025-01-11 21:55:00,浦东新区 四团镇中泐村8组（消防处置）（到场处置）,杂物,临港大队（九大队）,泥城镇,实警,泥城站,室外烧垃圾场,彭镇微站,1/11/2025 21:57,1/11/2025 21:59,1/11/2025 22:04,120.0,1/11/2025 22:13,,,,1/11/2025 21:55,,,失败: ENGINE_RESPONSE_DATA_ERROR,2025-01
2025-01-11 17:37:00,浦东新区 泥城镇 云汉路 靠近 云夏路 小公园园区里 格林豪泰往里走（居民处置）（到场未处置）,杂物,临港大队（九大队）,泥城镇,实警,泥城站,室外烧芦苇荡,彭镇微站,1/11/2025 17:39,1/11/2025 17:39,1/11/2025 17:44,20.0,1/11/2025 17:45,,,,1/11/2025 17:37,,,失败: ENGINE_RESPONSE_DATA_ERROR,2025-01
2025-01-11 14:47:00,浦东新区 书院镇 丽正路1059弄63号后面(新舒苑)（居民处置）（到场处置）,杂物,临港大队（九大队）,书院镇,实警,书院站,室外烧树木,滨海微站,1/11/2025 14:51,1/11/2025 14:51,1/11/2025 15:01,3.0,1/11/2025 14:54,,,,1/11/2025 14:48,,,失败: ENGINE_RESPONSE_DATA_ERROR,2025-01
2025-01-11 10:22:00,浦东新区 宣桥镇 利民村23组484号门口（微站处置）（到场未处置）,杂物,惠南大队（八大队）,宣桥镇,实警,惠南站,田里烧杂物,徐庙村微站,1/11/2025 10:24,1/11/2025 10:26,1/11/2025 10:37,128.0,1/11/2025 10:44,,,,1/11/2025 10:23,,,失败: ENGINE_RESPONSE_DATA_ERROR,2025-01
2025-01-10 19:41:00,浦东新区 惠南镇 轨道十六号线 惠南东站4号口北面300米（微站处置）（到场处置）,杂物,惠南大队（八大队）,惠南镇,实警,老港站,室外烧垃圾,惠东村微站,1/10/2025 19:44,1/10/2025 19:47,1/10/2025 19:53,156.0,1/10/2025 19:56,,,,1/10/2025 19:41,,,失败: ENGINE_RESPONSE_DATA_ERROR,2025-01
2025-01-10 08:41:00,浦东新区 三林镇 灵岩南路305号3楼 灵岩公寓（居民处置）（到场未处置）,居民,三林大队（六大队）,三林镇,实警,周渡站,居民烧空调外机,杨思微站,1/10/2025 8:41,1/10/2025 8:43,1/10/2025 8:49,119.0,1/10/2025 8:53,,,,1/10/2025 8:41,,,失败: ENGINE_RESPONSE_DATA_ERROR,2025-01
2025-01-10 00:44:00,浦东新区 周浦镇 北庄村窑港160号 沐庭花园度假美墅农村自建房（微站处置）（到场处置）,居民,三林大队（六大队）,周浦镇,实警,申江站,自建房烧杂物,森林微站,1/10/2025 0:46,1/10/2025 0:49,1/10/2025 0:53,151.0,1/10/2025 0:56,,,,1/10/2025 0:45,,,失败: ENGINE_RESPONSE_DATA_ERROR,2025-01
2025-01-09 20:57:00,浦东新区 祝桥镇 立新村 浦虹西路 安息堂外面（消防处置）（到场处置）,杂物,惠南大队（八大队）,祝桥镇,实警,祝桥站,室外烧杂草,明祥苑微站,1/9/2025 20:59,1/9/2025 21:01,1/9/2025 21:06,156.0,1/9/2025 21:05,无,配合处置,,1/9/2025 20:57,,,失败: ENGINE_RESPONSE_DATA_ERROR,2025-01
2025-01-09 15:27:00,浦东新区 高桥镇 G1503下面 地面道路上 凌海路（消防处置）（到场处置）,车辆,保税大队（四大队）,高桥镇,实警,高桥站,货车下方电路着火,保税物流园区微站,1/9/2025 15:28,1/9/2025 15:31,1/9/2025 15:37,210.0,1/9/2025 15:39,无,警戒,,1/9/2025 15:28,,,失败: ENGINE_RESPONSE_DATA_ERROR,2025-01
2025-01-09 08:48:00,浦东新区 老港镇 东河村西河160号（农村自建房）（消防处置）（到场处置）,居民,临港大队（九大队）,老港镇,实警,书院站,柴房灶台着火,滨海微站,1/9/2025 8:50,1/9/2025 8:51,1/9/2025 9:04,26.0,1/9/2025 9:02,否,配合处置,,1/9/2025 8:49,,,失败: ENGINE_RESPONSE_DATA_ERROR,2025-01
2025-01-08 16:37:00,浦东新区 六灶镇其成村23组455号（居民处置）（到场未处置）,杂物,川沙大队（三大队）,川沙新镇,实警,六灶站,室外烧垃圾,六灶鹿城微站,1/8/2025 16:38,1/8/2025 16:38,1/8/2025 16:51,13.0,1/8/2025 16:50,无,配合处置,,1/8/2025 16:38,,,失败: ENGINE_RESPONSE_DATA_ERROR,2025-01
2025-01-08 14:41:00,浦东新区 三林镇 杨高南路高架（往北）不到南江苑200米（消防处置）（到场处置）,杂物,三林大队（六大队）,三林镇,实警,永泰站,室外烧杂物,杨东微站,1/8/2025 14:42,1/8/2025 14:43,1/8/2025 14:51,88.0,1/8/2025 14:53,无,警戒,,1/8/2025 14:41,,,失败: ENGINE_RESPONSE_DATA_ERROR,2025-01
2025-01-07 21:50:00,浦东新区 祝桥镇 祝城路10号 祝桥工业城二区10号301室（消防处置）（到场处置）,居民,惠南大队（八大队）,祝桥镇,实警,祝桥站,居民家中烧板凳,祝桥微站,1/7/2025 21:51,1/7/2025 21:52,1/7/2025 21:58,82.0,1/7/2025 21:56,无,配合处置,,1/7/2025 21:50,,,失败: ENGINE_RESPONSE_DATA_ERROR,2025-01
2025-01-07 14:12:00,浦东新区 川沙新镇 新德路 靠近 华夏一路 南面公园 河边（祭扫）（居民处置）（到场未处置）,杂物,川沙大队（三大队）,川沙新镇,实警,川沙站,河边烧祭祀品,长丰社区微站,1/7/2025 14:13,1/7/2025 14:15,1/7/2025 14:22,102.0,1/7/2025 14:24,无,配合处置,,1/7/2025 14:12,,,失败: ENGINE_RESPONSE_DATA_ERROR,2025-01
2025-01-06 14:31:00,浦东新区 祝桥镇 陈胡村 靠近 S1（祭扫）（消防处置）（到场处置）,杂物,惠南大队（八大队）,祝桥镇,实警,江镇站,室外烧祭祀,江镇微站,1/6/2025 14:35,1/6/2025 14:37,1/6/2025 14:49,91.0,1/6/2025 14:43,否,警戒,,1/6/2025 14:32,,,失败: ENGINE_RESPONSE_DATA_ERROR,2025-01
2025-01-06 13:29:00,浦东新区 书院镇 四灶村二十组655号（居民处置）（到场未处置）,垃圾,临港大队（九大队）,书院镇,实警,书院站,室外烧杂草,新港微站,1/6/2025 13:30,1/6/2025 13:31,1/6/2025 13:38,26.0,1/6/2025 13:40,否,警戒,,1/6/2025 13:30,,,失败: ENGINE_RESPONSE_DATA_ERROR,2025-01
2025-01-04 16:16:00,浦东新区 泥城镇彭庙村8组 靠近 铁路农田内（消防处置）（到场处置）,杂物,临港大队（九大队）,泥城镇,实警,泥城站,室外烧杂物,彭镇微站,1/4/2025 16:18,1/4/2025 16:20,1/4/2025 16:26,96.0,1/4/2025 16:41,是,出水处置,,1/4/2025 16:16,,,失败: ENGINE_RESPONSE_DATA_ERROR,2025-01
2025-01-04 12:59:00,浦东新区 曹路镇 佳伟景苑47号203室(阳台)（消防处置）（到场处置）,居民,外高桥大队（五大队）,曹路镇,实警,曹路站,阳台烧杂物,金钻路微站,1/4/2025 13:01,1/4/2025 13:01,1/4/2025 13:04,46.0,1/4/2025 13:07,否,配合处置,,1/4/2025 13:00,,,失败: ENGINE_RESPONSE_DATA_ERROR,2025-01
2025-01-04 12:59:00,浦东新区 临港管委会 S2 往北 东海大桥下桥 海关卡口不到500米（消防处置）（到场处置）（一出动）,车辆,临港大队（九大队）,南汇新城镇,实警,芦潮港站,烧集装箱内锂电池,芦潮港微站,1/4/2025 15:03,1/4/2025 13:08,1/4/2025 13:23,-6854.0,1/4/2025 13:15,否,警戒,,1/4/2025 13:00,,,失败: ENGINE_RESPONSE_DATA_ERROR,2025-01
2025-01-04 01:24:00,浦东新区 惠南镇 南园坊327弄 11-39号 14号楼旁边（其他社会力量处置）（到场未处置）,电线,惠南大队（八大队）,惠南镇,实警,惠南站,室外汽车充电桩起火,惠园微站,1/4/2025 1:27,1/4/2025 1:27,1/4/2025 1:35,20.0,1/4/2025 1:40,否,配合处置,,1/4/2025 1:24,,,失败: ENGINE_RESPONSE_DATA_ERROR,2025-01
2025-01-02 16:19:00,浦东新区 浦兴路街道 荷泽路275号天香鲍鱼（九小场所-小餐饮）（其他社会力量处置）（到场处置）（驻防车出动）,单位,外高桥大队（五大队）,浦兴路街道,实警,庆宁站,门面店烧油锅,东陆路微站,1/2/2025 16:21,1/2/2025 16:21,1/2/2025 16:24,17.0,1/2/2025 16:27,是,出水处置,,1/2/2025 16:20,,,失败: ENGINE_RESPONSE_DATA_ERROR,2025-01
2025-01-01 14:29:00,浦东新区 宣桥镇 沪南公路申杰路口南侧500-600米的田里（消防处置）（到场处置）,杂物,惠南大队（八大队）,宣桥镇,实警,惠南站,田里烧秸秆,宣桥专职队,1/1/2025 14:29,1/1/2025 14:32,1/1/2025 14:34,138.0,1/1/2025 14:51,否,排查,,1/1/2025 14:29,,,失败: ENGINE_RESPONSE_DATA_ERROR,2025-01
2025-01-01 16:09:00,浦东新区 泥城镇 老芦公路 靠近 同顺大道北100米（消防处置）（到场处置）,杂物,临港大队（九大队）,南汇新城镇,实警,芦潮港站,室外烧杂物,泥城微站,1/1/2025 16:11,1/1/2025 16:11,1/1/2025 16:22,30.0,1/1/2025 16:23,否,排查,,1/1/2025 16:10,,,失败: ENGINE_RESPONSE_DATA_ERROR,2025-01
2025-01-01 09:06:00,浦东新区 惠南镇惠东村403号农村自建房（微站处置）（到场处置）,居民,惠南大队（八大队）,惠南镇,实警,惠南站,洗衣机电路老化,勤奋微站,1/1/2025 9:08,1/1/2025 9:09,1/1/2025 9:12,77.0,1/1/2025 9:17,无,使用灭火器,,1/1/2025 9:06,,,失败: ENGINE_RESPONSE_DATA_ERROR,2025-01
2025-01-01 01:51:00,浦东新区 高桥镇 双江路 靠近 隋唐河路 高桥海塘抢险纪念地（微站处置）（到场未处置）,杂物,保税大队（四大队）,高桥镇,实警,高桥站,室外烧杂物,凌桥微站,1/1/2025 1:54,1/1/2025 1:54,1/1/2025 2:03,36.0,1/1/2025 2:07,出水处置,出水处置,,1/1/2025 1:53,,,失败: ENGINE_RESPONSE_DATA_ERROR,2025-01
2025-01-01 06:32:00,浦东新区 川沙新镇 妙境路 靠近 翔川路 恒越广场2楼门口（其他社会力量处置）（到场未处置）,杂物,川沙大队（三大队）,川沙新镇,实警,川沙站,商铺门口的垃圾着火,城厢南市微站,1/1/2025 6:34,1/1/2025 6:34,1/1/2025 6:45,49.0,1/1/2025 6:42,无,无,,1/1/2025 6:34,,,失败: ENGINE_RESPONSE_DATA_ERROR,2025-01
2025-02-28 22:50:00,浦东新区 合庆镇 沙甲路 靠近 高科东路 往南200米（微站处置）（到场处置）,车辆,川沙大队（三大队）,合庆镇,实警,川沙站,一辆轿车全面过火,合庆专职队,2/28/2025 22:51,2/28/2025 22:52,2/28/2025 23:01,97.0,2/28/2025 23:04,是,出水处置,,2/28/2025 22:51,,,失败: ENGINE_RESPONSE_DATA_ERROR,2025-02
2025-02-28 12:36:00,浦东新区 泥城镇 人民村5队5组 与大芦线河南侧 Y5号桥东侧 交界处（消防处置）（到场处置）,杂物,临港大队（九大队）,泥城镇,实警,泥城站,室外烧秸秆,云端路微站,2/28/2025 12:37,2/28/2025 12:39,2/28/2025 12:48,93.0,2/28/2025 12:45,是,堵截,,2/28/2025 12:36,,,失败: ENGINE_RESPONSE_DATA_ERROR,2025-02
2025-02-28 13:46:00,浦东新区 川沙新镇 其成村936号（居民处置）（到场未处置）,杂物,川沙大队（三大队）,川沙新镇,实警,六灶站,田地里烧杂草,六灶鹿城微站,2/28/2025 13:48,2/28/2025 13:49,2/28/2025 13:57,80.0,2/28/2025 13:56,否,警戒,,2/28/2025 13:46,,,失败: ENGINE_RESPONSE_DATA_ERROR,2025-02
2025-02-28 06:34:00,浦东新区 三林镇 华夏西路 靠近 杨高南路 东侧100米（消防处置）（到场处置）,车辆,三林大队（六大队）,三林镇,实警,永泰站,路边烧面包车,济阳三村微站,2/28/2025 6:35,2/28/2025 6:37,2/28/2025 6:46,140.0,2/28/2025 6:46,否,警戒,,2/28/2025 6:34,,,失败: ENGINE_RESPONSE_DATA_ERROR,2025-02
2025-02-26 11:35:00,浦东新区 合庆镇 庆荣路213号（酥鱼坊）（九小场所-小餐饮）（店员处置）（到场未处置）,单位,川沙大队（三大队）,合庆镇,实警,川沙站,油锅着火,合庆专职队,2/26/2025 11:37,2/26/2025 11:37,2/26/2025 11:39,-4.0,2/26/2025 11:47,否,警戒,,2/26/2025 11:36,,,失败: ENGINE_RESPONSE_DATA_ERROR,2025-02
2025-02-25 06:02:00,浦东新区 康桥镇 浦三路5127弄百林苑9号203室（居民处置）（到场未处置）,居民,三林大队（六大队）,康桥镇,实警,周浦站,居民家中烧浴霸,三林专职队,2/25/2025 6:03,2/25/2025 6:05,2/25/2025 6:17,90.0,2/25/2025 6:13,否,警戒,,2/25/2025 6:04,,,失败: ENGINE_RESPONSE_DATA_ERROR,2025-02
2025-02-22 16:41:00,浦东新区 惠南镇陆楼村8队685号（居民处置）（到场未处置）,电线,惠南大队（八大队）,惠南镇,实警,祝桥站,室外电表箱着火,五角农贸微站,2/22/2025 16:41,2/22/2025 16:43,2/22/2025 16:51,124.0,2/22/2025 16:54,否,警戒,,2/22/2025 16:41,,,失败: ENGINE_RESPONSE_DATA_ERROR,2025-02
2025-02-20 08:12:00,浦东新区 惠南镇乔北村932号（微站处置）（到场未处置）,杂物,惠南大队（八大队）,惠南镇,实警,老港站,室外烧杂物,桥北村微站,2/20/2025 8:14,2/20/2025 8:14,2/20/2025 8:23,30.0,2/20/2025 8:34,是,堵截,,2/20/2025 8:13,,,失败: ENGINE_RESPONSE_DATA_ERROR,2025-02
2025-02-19 10:34:00,浦东新区 老港镇 南滨公路 垃圾码头西门口 南侧森林（消防处置）（到场处置）,杂物,临港大队（九大队）,老港镇,实警,老港站,室外烧杂物,建中微站,2/19/2025 10:36,2/19/2025 10:38,2/19/2025 10:47,143.0,2/19/2025 10:43,是,堵截,,2/19/2025 10:35,,,失败: ENGINE_RESPONSE_DATA_ERROR,2025-02
2025-02-19 09:54:00,浦东新区 祝桥镇 中圩路 中圩村七口桥入口 上海德洋利农业合作社（消防处置）（到场处置）,单位,惠南大队（八大队）,祝桥镇,实警,江镇站,农业合作社烧食品加工包装及杂物,祝桥专职队,2/19/2025 9:55,2/19/2025 9:56,2/19/2025 9:58,44.0,2/19/2025 10:04,是,堵截,,2/19/2025 9:54,,,失败: ENGINE_RESPONSE_DATA_ERROR,2025-02
2025-02-18 09:30:00,浦东新区 新场镇仁义村7组1030号（消防处置）（到场处置）,居民,惠南大队（八大队）,新场镇,实警,航头站,烧厨房稻草,坦直微站,2/18/2025 9:32,2/18/2025 9:34,2/18/2025 9:43,86.0,2/18/2025 9:41,否,警戒,,2/18/2025 9:31,,,失败: ENGINE_RESPONSE_DATA_ERROR,2025-02
2025-02-18 00:04:00,浦东新区 书院镇四灶村155号农村自建房（微站处置）（到场未处置）,居民,临港大队（九大队）,书院镇,实警,书院站,厨房烧油烟机,新港微站,2/18/2025 0:05,2/18/2025 0:07,2/18/2025 0:13,100.0,2/18/2025 0:29,是,堵截,,2/18/2025 0:04,,,失败: ENGINE_RESPONSE_DATA_ERROR,2025-02
2025-02-16 17:29:00,浦东新区 金阳新村街道 罗山六村21号5楼楼道（其他社会力量处置）（到场未处置）,居民,陆家嘴大队（一大队）,金杨新村街道,实警,庆宁站,楼道内电表箱短路,名门世家微站,2/16/2025 17:30,2/16/2025 17:31,2/16/2025 17:38,100.0,2/16/2025 17:38,否,警戒,,2/16/2025 17:29,,,失败: ENGINE_RESPONSE_DATA_ERROR,2025-02
2025-02-16 11:05:00,浦东新区 新场镇 坦南村14组1367号院子内 靠近 雪莲路（微站处置）（到场处置）,车辆（电瓶车）,惠南大队（八大队）,新场镇,实警,申江站,"室外的电动自行车着火,到场前被居民自行用水灭掉",坦直微站,2/16/2025 11:06,2/16/2025 11:07,2/16/2025 11:17,43.0,2/16/2025 11:21,否,警戒,,2/16/2025 11:06,,,失败: ENGINE_RESPONSE_DATA_ERROR,2025-02
2025-02-16 11:01:00,浦东新区 张江镇 科农路1705号（驻防车出动）（居民处置）（到场未处置）,杂物,川沙大队（三大队）,张江镇,实警,唐镇站,大棚的尼龙布着火，到场前被居民自己用水灭掉了,环东村微站,2/16/2025 11:04,2/16/2025 11:05,2/16/2025 11:08,86.0,2/16/2025 11:14,否,警戒,,2/16/2025 11:03,,,失败: ENGINE_RESPONSE_DATA_ERROR,2025-02
2025-02-15 07:53:00,浦东新区 沪东新村街道 东波路325弄64号502室(联鑫坊)（居民处置）（到场未处置）,居民,外高桥大队（五大队）,沪东新村街道,实警,庆宁站,空调内机着火，到场前被居民用水扑灭,莱阳路微站,2/15/2025 7:54,2/15/2025 7:58,2/15/2025 8:04,202.0,2/15/2025 8:05,否,警戒,,2/15/2025 7:53,,,失败: ENGINE_RESPONSE_DATA_ERROR,2025-02
2025-02-14 14:21:00,浦东新区 大团镇 川南奉公路 靠近 南芦公路 往S2方向 张家宅（消防处置）（到场处置）,杂物,临港大队（九大队）,大团镇,实警,大团站,田里烧垃圾,大团微站,2/14/2025 14:23,2/14/2025 14:24,2/14/2025 14:36,35.0,2/14/2025 14:32,否,警戒,,2/14/2025 14:22,,,失败: ENGINE_RESPONSE_DATA_ERROR,2025-02
2025-02-14 09:03:00,浦东新区 航头镇 鹤沙路688弄(昱星家园)14号608室（驻防车出动）（消防处置）（到场处置）,居民,三林大队（六大队）,航头镇,实警,航头站,烧卧室内家具,沈庄微站,2/14/2025 9:06,2/14/2025 9:08,2/14/2025 9:18,119.0,2/14/2025 9:12,否,警戒,,2/14/2025 9:03,,,失败: ENGINE_RESPONSE_DATA_ERROR,2025-02
2025-02-14 08:49:00,浦东新区 高东镇 盛世东苑72号102室（居民处置）（到场处置）,居民,保税大队（四大队）,高东镇,实警,保税站,阳台烧杂物,高东微站,2/14/2025 8:50,2/14/2025 8:53,2/14/2025 8:57,203.0,2/14/2025 8:58,否,警戒,,2/14/2025 8:50,,,失败: ENGINE_RESPONSE_DATA_ERROR,2025-02
2025-02-13 17:59:00,浦东新区 航头镇 航三路 靠近 罗山南路 16号线航头东站轨道下面（消防处置）（到场处置）,杂物,三林大队（六大队）,航头镇,实警,航头站,河边烧芦苇荡,下沙微站,2/13/2025 18:01,2/13/2025 18:02,2/13/2025 18:11,46.0,2/13/2025 18:14,否,警戒,,2/13/2025 18:01,,,失败: ENGINE_RESPONSE_DATA_ERROR,2025-02
2025-02-13 15:41:00,浦东新区 新场镇 沪南公路7511号（驻防车出动）（居民处置）（到场未处置）,杂物,惠南大队（八大队）,新场镇,实警,航头站,室外烧充电柜,新场专职队,2/13/2025 15:42,2/13/2025 15:43,2/13/2025 15:48,33.0,2/13/2025 15:54,否,警戒,,2/13/2025 15:41,,,失败: ENGINE_RESPONSE_DATA_ERROR,2025-02
2025-02-13 07:16:00,浦东新区 万祥镇 万祥路143号 农村自建房（微站处置）（到场未处置）,居民,临港大队（九大队）,万祥镇,实警,书院站,家中电线着火,万祥微站,2/13/2025 7:17,2/13/2025 7:19,2/13/2025 7:22,86.0,2/13/2025 7:27,否,警戒,,2/13/2025 7:16,,,失败: ENGINE_RESPONSE_DATA_ERROR,2025-02
2025-02-12 19:00:00,浦东新区 张江镇 中科路2572号麻辣串（驻防车出动）（九小场所-小餐饮）（消防处置）（到场处置）,单位,川沙大队（三大队）,张江镇,实警,张江站,现场烧门面店夹层的位置,玉兰香苑微站,2/12/2025 19:00,2/12/2025 19:01,2/12/2025 19:05,78.0,2/12/2025 19:12,是,堵截,,2/12/2025 19:00,,,失败: ENGINE_RESPONSE_DATA_ERROR,2025-02
2025-02-11 12:22:00,浦东新区 高桥镇 新农村小周家宅8号（微站处置）（到场处置）,杂物,保税大队（四大队）,高桥镇,实警,高桥站,"现场是一名老人烧垃圾,微站现场监护",新农村微站,2/11/2025 12:23,2/11/2025 12:24,2/11/2025 12:35,50.0,2/11/2025 12:33,否,警戒,,2/11/2025 12:23,,,失败: ENGINE_RESPONSE_DATA_ERROR,2025-02
2025-02-10 18:22:00,浦东新区 航头镇 双楼路 靠近交大医学院（驻防车出动）（消防处置）（到场处置）,杂物,三林大队（六大队）,航头镇,实警,航头站,室外烧杂草,宏南微站,2/10/2025 18:23,2/10/2025 18:26,2/10/2025 18:33,179.0,2/10/2025 18:39,是,出水处置,,2/10/2025 18:23,,,失败: ENGINE_RESPONSE_DATA_ERROR,2025-02
2025-02-10 19:10:00,浦东新区 康桥镇 曲桥路康泽路河对面小路 靠近康裕新苑（燃烧物质燃烬）（到场处置）,杂物,三林大队（六大队）,康桥镇,实警,周浦站,室外烧杂物,周浦专职队,2/10/2025 19:13,2/10/2025 19:15,2/10/2025 19:21,144.0,2/10/2025 19:16,否,警戒,,2/10/2025 19:11,,,失败: ENGINE_RESPONSE_DATA_ERROR,2025-02
2025-02-09 12:20:00,浦东新区 祝桥镇 施湾二路思凡花园二期863弄52号302室（居民处置）（到场未处置）,居民,惠南大队（八大队）,祝桥镇,实警,江镇站,烧油烟机,祝桥专职队,2/9/2025 12:22,2/9/2025 12:24,2/9/2025 12:28,149.0,2/9/2025 12:34,否,警戒,,2/9/2025 12:21,,,失败: ENGINE_RESPONSE_DATA_ERROR,2025-02
2025-02-08 20:08:00,浦东新区 三林镇 西泰林路901弄(浦发绿城)27号602室门口（居民处置）（到场未处置）,居民,三林大队（六大队）,三林镇,实警,永泰站,居民楼道烧电表箱,东明路微站,2/8/2025 20:08,2/8/2025 20:09,2/8/2025 20:18,61.0,2/8/2025 20:14,,,,2/8/2025 20:08,,,失败: ENGINE_RESPONSE_DATA_ERROR,2025-02
2025-02-08 14:24:00,浦东新区 南汇新城镇 上海海事大学 3号门进 室外杂草（消防处置）（到场处置）,杂物,临港大队（九大队）,南汇新城镇,实警,滴水湖站,室外烧杂草,方竹路微站,2/8/2025 14:25,2/8/2025 14:27,2/8/2025 14:32,148.0,2/8/2025 14:37,,,,2/8/2025 14:25,,,失败: ENGINE_RESPONSE_DATA_ERROR,2025-02
2025-02-08 14:37:00,浦东新区 航头镇 鹤沙路688弄(昱星家园)北面河边（驻防车出动）（消防处置）（到场处置）,杂物,三林大队（六大队）,航头镇,实警,航头站,室外烧杂草,沈庄微站,2/8/2025 14:39,2/8/2025 14:40,2/8/2025 14:47,78.0,2/8/2025 14:47,是,出水处置,,2/8/2025 14:38,,,失败: ENGINE_RESPONSE_DATA_ERROR,2025-02
2025-02-07 08:31:00,浦东新区 康桥镇 康桥东路688号 上海华裕服迪有限公司（驻防车出动）（自动灭火装置作用）（到场未处置）,单位,三林大队（六大队）,康桥镇,实警,申江站,4S店烧维修工位上车辆,沿南村微站,2/7/2025 8:32,2/7/2025 8:33,2/7/2025 8:38,72.0,2/7/2025 8:41,,,,2/7/2025 8:31,,,失败: ENGINE_RESPONSE_DATA_ERROR,2025-02
2025-02-06 16:09:00,浦东新区 川沙新镇旗杆村922号农村自建房（居民处置）（到场处置）,居民,川沙大队（三大队）,川沙新镇,实警,六灶站,油烟机着火,界浜村微站,2/6/2025 16:10,2/6/2025 16:11,2/6/2025 16:17,44.0,2/6/2025 16:22,否,排查,,2/6/2025 16:10,,,失败: ENGINE_RESPONSE_DATA_ERROR,2025-02
2025-02-05 19:00:00,浦东新区 祝桥镇 远航路 靠近 川南奉公路 往西200米 路北侧（微站处置）（到场未处置）,杂物,惠南大队（八大队）,祝桥镇,实警,江镇站,河边烧杂草,祝桥专职队,2/5/2025 19:02,2/5/2025 19:02,2/5/2025 19:07,24.0,2/5/2025 19:13,是,出水处置,,2/5/2025 19:00,,,失败: ENGINE_RESPONSE_DATA_ERROR,2025-02
2025-02-05 13:14:00,浦东新区 张江镇 中环路 靠近 科苑路 高架桥下（消防处置）（到场处置）,杂物,川沙大队（三大队）,张江镇,实警,张江站,路边烧杂草,御桥微站,2/5/2025 13:16,2/5/2025 13:18,2/5/2025 13:26,148.0,2/5/2025 13:24,否,配合处置,,2/5/2025 13:15,,,失败: ENGINE_RESPONSE_DATA_ERROR,2025-02
2025-02-04 10:18:00,浦东新区 泥城镇彭庙村16组学士302号 农村自建房（微站处置）（到场未处置）,居民,临港大队（九大队）,泥城镇,实警,泥城站,自建房烟囱位置木板着火,彭镇微站,2/4/2025 10:20,2/4/2025 10:20,2/4/2025 10:24,19.0,2/4/2025 10:32,是,出水处置,,2/4/2025 10:19,,,失败: ENGINE_RESPONSE_DATA_ERROR,2025-02
2025-02-03 07:26:00,浦东新区 泥城镇 彭平东路1103弄彭平花园71号2楼（居民处置）（到场未处置）,居民,临港大队（九大队）,泥城镇,实警,泥城站,居民阳台上烧枕头,泥城微站,2/3/2025 7:28,2/3/2025 7:30,2/3/2025 7:40,154.0,2/3/2025 7:37,否,警戒,,2/3/2025 7:26,,,失败: ENGINE_RESPONSE_DATA_ERROR,2025-02
2025-02-02 09:51:00,浦东新区 祝桥镇星光村 8组971号（居民处置）（到场处置）,杂物,惠南大队（八大队）,祝桥镇,实警,祝桥站,室外烧垃圾桶,祝桥微站,2/2/2025 9:53,2/2/2025 9:54,2/2/2025 9:58,53.0,2/2/2025 10:03,是,出水处置,,2/2/2025 9:52,,,失败: ENGINE_RESPONSE_DATA_ERROR,2025-02
2025-02-02 16:21:00,浦东新区 张江镇 黄浦花园5号102室（微站处置）（到场处置）,居民,川沙大队（三大队）,张江镇,实警,张江站,烧院子内木架子,孙建微站,2/2/2025 16:22,2/2/2025 16:23,2/2/2025 16:25,60.0,2/2/2025 16:32,是,出水处置,,2/2/2025 16:22,,,失败: ENGINE_RESPONSE_DATA_ERROR,2025-02
2025-02-02 01:23:00,浦东新区 祝桥镇 望三村3队包家宅4号（烟花）（消防处置）（到场处置）,杂物,惠南大队（八大队）,祝桥镇,实警,江镇站,烧室外院子内的柴火,六团储店微站,2/2/2025 1:25,2/2/2025 1:27,2/2/2025 1:31,90.0,2/2/2025 1:31,否,配合处置,,2/2/2025 1:24,,,失败: ENGINE_RESPONSE_DATA_ERROR,2025-02
2025-02-01 19:38:00,浦东新区 曹路镇 顾荣路269弄22号6楼 靠近 海鹏路（居民处置）（到场处置）,居民,外高桥大队（五大队）,曹路镇,实警,曹路站,楼道烧杂物,市场路微站,2/1/2025 19:38,2/1/2025 19:40,2/1/2025 19:48,106.0,2/1/2025 19:46,否,警戒,,2/1/2025 19:38,,,失败: ENGINE_RESPONSE_DATA_ERROR,2025-02
2025-02-01 20:37:00,浦东新区 宣桥镇新安村130号 农村自建房 （居民处置）（到场处置）,居民,惠南大队（八大队）,宣桥镇,实警,惠南站,烧床上一个枕头,欣秋苑微站,2/1/2025 20:39,2/1/2025 20:42,2/1/2025 20:50,167.0,2/1/2025 20:49,否,警戒,,2/1/2025 20:38,,,失败: ENGINE_RESPONSE_DATA_ERROR,2025-02
2025-02-01 12:58:00,浦东新区 合庆镇 龙东大道 往北不到 G1503收费口50米（祭扫）（居民处置）（到场未处置）,杂物,川沙大队（三大队）,合庆镇,实警,川沙站,室外烧祭祀,虹星路微站,2/1/2025 13:01,2/1/2025 13:04,2/1/2025 13:15,184.0,2/1/2025 13:14,否,警戒,,2/1/2025 12:59,,,失败: ENGINE_RESPONSE_DATA_ERROR,2025-02
2025-03-31 21:51:00,浦东新区 张江镇 百业路环科路口东侧200米河边（祭扫）（居民处置）,杂物,川沙大队（三大队）,张江镇,实警,张江站,室外烧祭祀品,孙建微站,3/31/2025 21:52,3/31/2025 21:53,3/31/2025 21:59,71.0,3/31/2025 22:02,否,了解情况,外,3/31/2025 21:51,,,失败: ENGINE_RESPONSE_DATA_ERROR,2025-03
2025-03-31 10:22:00,浦东新区 曹路镇 金钻路398弄金群苑3号15楼北侧阳台（驻防车出动）（居民处置）（到场处置）,居民,外高桥大队（五大队）,曹路镇,实警,曹路站,阳台上烧杂物,市场路微站,3/31/2025 10:23,3/31/2025 10:25,3/31/2025 10:30,78.0,3/31/2025 10:30,是,堵截,内,3/31/2025 10:23,,,失败: ENGINE_RESPONSE_DATA_ERROR,2025-03
2025-03-30 14:26:00,浦东新区 张江镇 益江路126弄(玉兰香苑)一期B组97号4楼（祭扫）（居民处置）,居民,川沙大队（三大队）,张江镇,虚警,张江站,楼道烧祭祀,玉兰香苑微站,3/30/2025 14:27,3/30/2025 14:27,3/30/2025 14:30,21.0,3/30/2025 14:38,否,了解情况,内,3/30/2025 14:27,,,失败: ENGINE_RESPONSE_DATA_ERROR,2025-03
2025-03-30 10:37:00,浦东新区 祝桥镇 盐仓老街 育新路30号（消防处置）（到场处置）,杂物,惠南大队（八大队）,祝桥镇,实警,祝桥站,室外烧杂物,盐仓微站,3/30/2025 10:38,3/30/2025 10:39,3/30/2025 10:52,40.0,3/30/2025 10:43,否,警戒,外,3/30/2025 10:39,,,失败: ENGINE_RESPONSE_DATA_ERROR,2025-03
2025-03-29 15:47:00,浦东新区 康桥镇 杨高南路 靠近 S20（消防处置）（到场处置）（祭扫）,杂物,三林大队（六大队）,康桥镇,实警,永泰站,室外烧垃圾,三林专职队,3/29/2025 15:48,3/29/2025 15:49,3/29/2025 15:57,45.0,3/29/2025 15:58,是,堵截,外,3/29/2025 15:48,,,失败: ENGINE_RESPONSE_DATA_ERROR,2025-03
2025-03-29 10:30:00,浦东新区 张江镇 申城佳城一期A块38号9楼 楼道上（祭扫）（经核实无需消防处置）,居民,川沙大队（三大队）,张江镇,虚警,张江站,楼道烧祭祀,孙建微站,3/29/2025 10:31,3/29/2025 10:34,3/29/2025 10:38,147.0,3/29/2025 10:46,否,了解情况,内,3/29/2025 10:31,,,失败: ENGINE_RESPONSE_DATA_ERROR,2025-03
2025-03-28 19:28:00,浦东新区 唐镇镇 锦绣东路 靠近 顾唐路口西南方向50米（微站处置）（到场未处置）,单位,川沙大队（三大队）,唐镇,实警,曹路站,室外蔬菜大棚起火,新虹村微站,3/28/2025 19:30,3/28/2025 19:30,3/28/2025 19:35,9.0,3/28/2025 20:04,是,出水处置,外,3/28/2025 19:29,,,失败: ENGINE_RESPONSE_DATA_ERROR,2025-03
2025-03-28 10:33:00,浦东新区 张江镇 紫薇路193弄贝越佳园4号5楼楼道（祭扫）（经核实无需消防处置）（到场未处置）,居民,川沙大队（三大队）,张江镇,实警,张江站,居民楼道内烧祭祀,川杨新苑社区微站,3/28/2025 10:35,3/28/2025 10:35,3/28/2025 10:38,17.0,3/28/2025 10:40,否,了解情况,内,3/28/2025 10:34,,,失败: ENGINE_RESPONSE_DATA_ERROR,2025-03
2025-03-26 22:15:00,浦东新区 康桥镇 苗桥路 仁倪苑38号（祭祀）（经核实无需消防处置）（到场未处置）,杂物,三林大队（六大队）,康桥镇,虚警,申江站,现场为室外烧祭祀品,橫沔微站,3/26/2025 22:17,3/26/2025 22:18,3/26/2025 22:19,28.0,3/26/2025 22:29,否,警戒,外,3/26/2025 22:16,,,失败: ENGINE_RESPONSE_DATA_ERROR,2025-03
2025-03-25 21:11:00,浦东新区 航头镇 龙华医院西面700-800米 小路上,杂物,三林大队（六大队）,航头镇,实警,航头站,现场为室外烧垃圾,下沙微站,3/25/2025 21:12,3/25/2025 21:13,3/25/2025 21:18,24.0,3/25/2025 21:23,是,堵截,外,3/25/2025 21:12,,,失败: ENGINE_RESPONSE_DATA_ERROR,2025-03
2025-03-25 18:58:00,浦东新区 陆家嘴街道 轨道14号线浦东南路3B号口出口（燃烧物质燃尽）（到场未处置）,杂物,陆家嘴大队（一大队）,塘桥街道,实警,梅园站,室外垃圾桶冒烟,明珠微站,3/25/2025 18:59,3/25/2025 19:00,3/25/2025 19:05,112.0,3/25/2025 19:05,否,警戒,外,3/25/2025 18:58,,,失败: ENGINE_RESPONSE_DATA_ERROR,2025-03
2025-03-24 10:33:00,浦东新区 川沙新镇 南六公路靠近S32收费站处（消防处置）（到场处置）,车辆,川沙大队（三大队）,川沙新镇,实警,六灶站,室外烧车子引擎盖,下沙微站,3/24/2025 10:33,3/24/2025 10:34,3/24/2025 10:43,113.0,3/24/2025 10:40,是,出水处置,外,3/24/2025 10:34,,,失败: ENGINE_RESPONSE_DATA_ERROR,2025-03
2025-03-23 21:00:00,浦东新区 北蔡镇 华绣路179弄艾南花苑76号2楼平台（消防处置）（到场处置）,居民,三林大队（六大队）,北蔡镇,实警,塘东站,平台烧杂物,由由微站,3/23/2025 21:01,3/23/2025 21:03,3/23/2025 21:10,92.0,3/23/2025 21:08,否,监护,外,3/23/2025 21:00,,,失败: ENGINE_RESPONSE_DATA_ERROR,2025-03
2025-03-23 13:03:00,浦东新区 康桥镇 营房村五组630号农村自建房（居民处置）（到场处置）,居民,三林大队（六大队）,康桥镇,实警,周浦站,居民家中电线着火,康花微站,3/23/2025 13:04,3/23/2025 13:05,3/23/2025 13:13,51.0,3/23/2025 13:13,否,监护,内,3/23/2025 13:04,,,失败: ENGINE_RESPONSE_DATA_ERROR,2025-03
2025-03-23 12:13:00,浦东新区 花木街道 龙阳地铁站16号线3号口（微站处置）（到场未处置）,垃圾,陆家嘴大队（一大队）,花木街道,实警,塘东站,室外烧垃圾桶,培花微站,3/23/2025 12:16,3/23/2025 12:16,3/23/2025 12:19,19.0,3/23/2025 12:24,否,监护,外,3/23/2025 12:14,,,失败: ENGINE_RESPONSE_DATA_ERROR,2025-03
2025-03-22 10:27:00,浦东新区 高桥镇 穿心河路祭扫位置（祭扫）（微站处置）（到场未处置）,杂物,保税大队（四大队）,高桥镇,实警,高桥站,室外烧祭祀品,镇北村微站,3/22/2025 10:29,3/22/2025 10:31,3/22/2025 10:33,112.0,3/22/2025 10:41,否,警戒,外,3/22/2025 10:28,,,失败: ENGINE_RESPONSE_DATA_ERROR,2025-03
2025-03-21 19:44:00,浦东新区 川沙新镇 鹿胜路68号（可燃物质燃尽）（到场处置）,杂物,川沙大队（三大队）,川沙新镇,实警,六灶站,室外烧秸秆,六灶鹿城微站,3/21/2025 19:45,3/21/2025 19:48,3/21/2025 19:51,189.0,3/21/2025 19:55,否,警戒,外,3/21/2025 19:44,,,失败: ENGINE_RESPONSE_DATA_ERROR,2025-03
2025-03-21 07:26:00,浦东新区 北蔡镇 鹏岳路152弄鹏丰苑13号203室（驻防车出动）（居民处置）（到场处置）,居民,三林大队（六大队）,北蔡镇,实警,永泰站,烧纸壳,六里（杨莲)微站,3/21/2025 7:27,3/21/2025 7:28,3/21/2025 7:35,107.0,3/21/2025 7:39,否,警戒,内,3/21/2025 7:27,,,失败: ENGINE_RESPONSE_DATA_ERROR,2025-03
2025-03-19 16:31:00,浦东新区 高桥镇北新村2号门（燃烧物燃尽）（到场未处置）,杂物,保税大队（四大队）,高桥镇,实警,高桥站,室外烧杂物,西新村微站,3/19/2025 16:32,3/19/2025 16:35,3/19/2025 16:39,135.0,3/19/2025 16:48,是,堵截,外,3/19/2025 16:31,,,失败: ENGINE_RESPONSE_DATA_ERROR,2025-03
2025-03-19 11:51:00,浦东新区 惠南镇 书香路61弄华实家园16号401室（居民处置）（到场未处置）,居民,惠南大队（八大队）,惠南镇,实警,惠南站,居民阳台烧被子,勤奋微站,3/19/2025 11:53,3/19/2025 11:54,3/19/2025 11:55,45.0,3/19/2025 12:05,否,警戒,内,3/19/2025 11:52,,,失败: ENGINE_RESPONSE_DATA_ERROR,2025-03
2025-03-18 20:28:00,浦东新区 高桥镇 仓房村一队80号门口（居民处置）（到场未处置）,杂物,保税大队（四大队）,高桥镇,实警,高桥站,室外稻草着火,仓房村微站,3/18/2025 20:30,3/18/2025 20:37,3/18/2025 20:48,437.0,3/18/2025 20:47,否,了解情况,外,3/18/2025 20:29,,,失败: ENGINE_RESPONSE_DATA_ERROR,2025-03
2025-03-18 12:08:00,浦东新区 三林镇 三彩路128号三彩市场内配电箱（驻防车出动）（单位自处）（到场未处置）,单位,三林大队（六大队）,三林镇,实警,前滩站,电箱电线皮烧焦,懿德微站,3/18/2025 12:10,3/18/2025 12:10,3/18/2025 12:14,25.0,3/18/2025 12:17,否,了解情况,内,3/18/2025 12:09,,,失败: ENGINE_RESPONSE_DATA_ERROR,2025-03
2025-03-18 11:31:00,浦东新区 合庆镇 G1503 外圈 刚出 龙东大道收费站 外高桥方向 （消防处置）（到场处置）,车辆,川沙大队（三大队）,合庆镇,实警,曹路站,货车轮胎过热，无着火情况,合庆专职队,3/18/2025 11:33,3/18/2025 11:33,3/18/2025 11:39,20.0,3/18/2025 11:47,否,了解情况,外,3/18/2025 11:31,,,失败: ENGINE_RESPONSE_DATA_ERROR,2025-03
2025-03-18 04:12:00,浦东新区 新场镇仁义村373号（驻防车出动）（消防处置）（到场处置）,杂物,惠南大队（八大队）,新场镇,实警,航头站,烧室外搭建的棚子,坦直微站,3/18/2025 4:13,3/18/2025 4:17,3/18/2025 4:22,213.0,3/18/2025 4:27,是,堵截,外,3/18/2025 4:13,,,失败: ENGINE_RESPONSE_DATA_ERROR,2025-03
2025-03-17 06:32:00,浦东新区 康桥镇 秀沿路2422号 哈尔滨烧烤（九小场所-小餐饮）（消防处置）（到场处置）,单位,三林大队（六大队）,康桥镇,实警,周浦站,烧厨房冰箱上面的杂料,沿南村微站,3/17/2025 6:34,3/17/2025 6:35,3/17/2025 6:42,60.0,3/17/2025 6:45,分,警戒,内,3/17/2025 6:33,,,失败: ENGINE_RESPONSE_DATA_ERROR,2025-03
2025-03-14 10:49:00,浦东新区 祝桥镇工业城4区20号边（居民处置）（到场处置）,车辆,惠南大队（八大队）,祝桥镇,实警,祝桥站,现场为面包车中间位置着火,祝桥村微站,3/14/2025 10:50,3/14/2025 10:51,3/14/2025 10:59,38.0,3/14/2025 10:56,否,警戒,外,3/14/2025 10:50,,,失败: ENGINE_RESPONSE_DATA_ERROR,2025-03
2025-03-09 09:30:00,浦东新区 三林镇 永泰路2079弄浦发绿城16号102室（消防处置）（到场处置）,居民,三林大队（六大队）,三林镇,实警,永泰站,烧客厅与阳台的家具和杂物,世博微站,3/9/2025 9:31,3/9/2025 9:33,3/9/2025 9:43,117.0,3/9/2025 9:35,否,警戒,,3/9/2025 9:30,,,失败: ENGINE_RESPONSE_DATA_ERROR,2025-03
2025-03-09 08:13:00,浦东新区 合庆镇 龙东大道6483号(上海西洋海绵制品有限公司)（消防处置）（到场处置）,单位,川沙大队（三大队）,合庆镇,实警,曹路站,烧室外垃圾,瑞庆微站,3/9/2025 8:14,3/9/2025 8:16,3/9/2025 8:21,130.0,3/9/2025 8:24,是,出水处置,,3/9/2025 8:13,,,失败: ENGINE_RESPONSE_DATA_ERROR,2025-03
2025-03-08 20:44:00,浦东新区 曹路镇 上川路 靠近 滨源路 东侧60米（消防处置）（到场处置）,杂物,外高桥大队（五大队）,曹路镇,实警,曹路站,室外烧杂物,上川路微站,3/8/2025 20:46,3/8/2025 20:48,3/8/2025 20:51,162.0,3/8/2025 20:56,分,监护,,3/8/2025 20:45,,,失败: ENGINE_RESPONSE_DATA_ERROR,2025-03
2025-03-08 19:49:00,浦东新区 新场镇 蒋桥村九队660号（其他社会力量处置）（到场处置）,电线,惠南大队（八大队）,新场镇,实警,航头站,室外电线短路,祝桥村微站,3/8/2025 19:51,3/8/2025 19:51,3/8/2025 19:59,35.0,3/8/2025 20:07,否,监护,,3/8/2025 19:50,,,失败: ENGINE_RESPONSE_DATA_ERROR,2025-03
2025-03-08 16:18:00,浦东新区 曹路镇 顾东村2队胡家宅72号农村自建房（居民处置）（到场处置）,居民,外高桥大队（五大队）,曹路镇,实警,曹路站,自建房1楼过道烧木材,竞赛村微站,3/8/2025 16:19,3/8/2025 16:19,3/8/2025 16:24,22.0,3/8/2025 16:28,否,监护,,3/8/2025 16:18,,,失败: ENGINE_RESPONSE_DATA_ERROR,2025-03
2025-03-08 07:43:00,浦东新区 机场镇新营村张刘家宅46号（消防处置）（到场处置）,居民,惠南大队（八大队）,祝桥镇,实警,江镇站,烧屋顶保温板,江镇微站,3/8/2025 7:45,3/8/2025 7:46,3/8/2025 7:55,30.0,3/8/2025 7:56,否,监护,,3/8/2025 7:44,,,失败: ENGINE_RESPONSE_DATA_ERROR,2025-03
2025-03-05 18:40:00,浦东新区 高东镇 园洲路189弄(杨盛佳苑)43号301室（微站处置）（到场未处置）,居民,保税大队（四大队）,高东镇,实警,保税站,防盗窗上烧纸盒,欣连苑微站,3/5/2025 18:41,3/5/2025 18:43,3/5/2025 18:46,104.0,3/5/2025 18:55,是,堵截,,3/5/2025 18:41,,,失败: ENGINE_RESPONSE_DATA_ERROR,2025-03
2025-03-05 12:23:00,浦东新区 张江镇 御桥路 靠近 罗山路 往东1公里处（消防处置）（到场处置）,杂物,川沙大队（三大队）,张江镇,实警,张江站,室外烧杂物,御桥微站,3/5/2025 12:25,3/5/2025 12:27,3/5/2025 12:34,173.0,3/5/2025 12:32,是,堵截,,3/5/2025 12:25,,,失败: ENGINE_RESPONSE_DATA_ERROR,2025-03
2025-03-03 22:25:00,浦东新区 宣桥镇 宣梅路 靠近 宣春路 南边50米（消防处置）（到场处置）,车辆,惠南大队（八大队）,宣桥镇,实警,惠南站,室外车辆烧底盘线路,明祥苑微站,3/3/2025 22:27,3/3/2025 22:28,3/3/2025 22:33,55.0,3/3/2025 22:40,否,警戒,,3/3/2025 22:26,,,失败: ENGINE_RESPONSE_DATA_ERROR,2025-03
2025-03-02 17:30:00,浦东新区 康桥镇 城中花园95号（居民处置）（到场未处置）,杂物,三林大队（六大队）,康桥镇,实警,周浦站,现场为室外烧杂物,半岛微站,3/2/2025 17:31,3/2/2025 17:32,3/2/2025 17:35,21.0,3/2/2025 17:38,否,警戒,,3/2/2025 17:30,,,失败: ENGINE_RESPONSE_DATA_ERROR,2025-03
2025-03-02 10:44:00,浦东新区 航头镇 S32 靠近 S3 往北闸道处（驻防车出动）（消防处置）（到场处置）,杂物,三林大队（六大队）,航头镇,实警,航头站,现场为室外烧杂草,沈庄微站,3/2/2025 10:46,3/2/2025 10:49,3/2/2025 10:58,205.0,3/2/2025 10:56,否,警戒,,3/2/2025 10:45,,,失败: ENGINE_RESPONSE_DATA_ERROR,2025-03
2025-03-01 17:22:00,浦东新区 南汇新城镇 临港大道站北侧1公里 胜利塘东侧鱼塘（燃烧物质燃烬）（到场未处置）,杂物,临港大队（九大队）,南汇新城镇,实警,滴水湖站,现场为室外烧杂草,东场微站,3/1/2025 17:23,3/1/2025 17:27,3/1/2025 17:34,217.0,3/1/2025 17:34,否,警戒,,3/1/2025 17:23,,,失败: ENGINE_RESPONSE_DATA_ERROR,2025-03
2025-03-01 02:25:00,浦东新区 周浦镇 姚桥村310号农村自建房（消防处置）（到场处置）,居民,三林大队（六大队）,周浦镇,实警,周浦站,农村自建房厨房内烧厨具和洗衣机,韵涛路微站,3/1/2025 2:27,3/1/2025 2:29,3/1/2025 2:36,132.0,3/1/2025 2:35,否,警戒,,3/1/2025 2:26,,,失败: ENGINE_RESPONSE_DATA_ERROR,2025-03
2025-04-22 14:07:00,浦东新区 三林镇 杨南路 靠近 灵岩南路东侧50米左右（祭扫）（居民处置）（到场未处置）,杂物,三林大队（六大队）,三林镇,实警,周渡站,室外烧祭祀,前滩微站,4/22/2025 14:09,4/22/2025 14:10,4/22/2025 14:16,55.0,4/22/2025 14:16,否,警戒,外,4/22/2025 14:08,,,失败: ENGINE_RESPONSE_DATA_ERROR,2025-04
2025-04-21 08:43:00,浦东新区 高桥镇 S20内圈 不到江东路出口600米（消防处置）（到场处置）,车辆,保税大队（四大队）,高桥镇,实警,高桥站,烧一辆新能源车,凌桥专职队,4/21/2025 8:59,4/21/2025 8:59,4/21/2025 9:04,20.0,4/21/2025 8:49,否,了解情况,外,4/21/2025 8:44,,,失败: ENGINE_RESPONSE_DATA_ERROR,2025-04
2025-04-21 07:19:00,浦东新区 三林镇 三彩路166弄（士韵家园）23号楼3楼物业值班室（消防处置）（到场处置）,居民,三林大队（六大队）,三林镇,实警,前滩站,烧3楼物业办公室内家具,懿德微站,4/21/2025 7:21,4/21/2025 7:23,4/21/2025 7:28,120.0,4/21/2025 7:29,是,堵截,内,4/21/2025 7:20,,,失败: ENGINE_RESPONSE_DATA_ERROR,2025-04
2025-04-20 18:38:00,浦东新区 宣桥镇项埭村4队4组440号 近航三路（消防处置）（到场处置）,杂物,惠南大队（八大队）,宣桥镇,实警,惠南站,烧室外废弃集装箱外面的广告牌,艺泰安邦微站,4/20/2025 18:39,4/20/2025 18:40,4/20/2025 18:49,59.0,4/20/2025 18:51,是,堵截,外,4/20/2025 18:38,,,失败: ENGINE_RESPONSE_DATA_ERROR,2025-04
2025-04-18 18:34:00,浦东新区 祝桥镇 航城路 靠近 施湾二路口（单位自处）（到场处置）,杂物,惠南大队（八大队）,祝桥镇,实警,江镇站,室外烧杂物,祝桥专职队,4/18/2025 18:35,4/18/2025 18:36,4/18/2025 18:38,11.0,4/18/2025 18:46,是,出水处置,外,4/18/2025 18:35,,,失败: ENGINE_RESPONSE_DATA_ERROR,2025-04
2025-04-17 20:07:00,浦东新区 新场镇祝桥村528号门口（居民处置）（到场未处置）,杂物,惠南大队（八大队）,新场镇,实警,航头站,室外烧杂物,祝桥村微站,4/17/2025 20:09,4/17/2025 20:10,4/17/2025 20:16,23.0,4/17/2025 20:26,否,监护,外,4/17/2025 20:08,,,失败: ENGINE_RESPONSE_DATA_ERROR,2025-04
2025-04-16 08:02:00,浦东新区 川沙新镇 S1 往机场方向 不到 川南奉公路 1.5公路（消防处置）（到场处置）,杂物,川沙大队（三大队）,川沙新镇,实警,川沙站,室外烧杂物,江镇微站,4/16/2025 8:03,4/16/2025 8:04,4/16/2025 8:17,79.0,4/16/2025 8:14,否,监护,外,4/16/2025 8:02,,,失败: ENGINE_RESPONSE_DATA_ERROR,2025-04
2025-04-14 17:10:00,浦东新区 高桥镇 中高路474号（EB）（微站处置）（到场未处置）,车辆（电瓶车）,保税大队（四大队）,高桥镇,实警,高桥站,室外烧电瓶车,新农村微站,4/14/2025 17:11,4/14/2025 17:12,4/14/2025 17:19,61.0,4/14/2025 17:23,是,堵截,外,4/14/2025 17:11,,,失败: ENGINE_RESPONSE_DATA_ERROR,2025-04
2025-04-13 20:09:00,浦东新区 康桥镇 康泽路555弄（中建艺府澜庭）11号504室（居民处置）（到场未处置）,居民,三林大队（六大队）,康桥镇,实警,周浦站,书房内电器烧焦,半岛微站,4/13/2025 20:10,4/13/2025 20:10,4/13/2025 20:16,21.0,4/13/2025 20:12,否,了解情况,内,4/13/2025 20:09,,,失败: ENGINE_RESPONSE_DATA_ERROR,2025-04
2025-04-13 14:47:00,浦东新区 川沙新镇 栏学路8号 靠近 科农路（消防处置）（到场处置）（祭扫）,杂物,川沙大队（三大队）,川沙新镇,实警,唐镇站,室外烧祭祀引燃周边杂物,长丰社区微站,4/13/2025 14:48,4/13/2025 14:48,4/13/2025 14:55,18.0,4/13/2025 14:56,否,警戒,外,4/13/2025 14:48,,,失败: ENGINE_RESPONSE_DATA_ERROR,2025-04
2025-04-12 06:57:00,浦东新区 三林镇 三彩路166弄士韵家园三期11号2楼（消防处置）（到场处置）,居民,三林大队（六大队）,三林镇,实警,前滩站,烧竖电井内杂物,懿德微站,4/12/2025 6:58,4/12/2025 6:59,4/12/2025 7:04,52.0,4/12/2025 7:05,否,了解情况,内,4/12/2025 6:58,,,失败: ENGINE_RESPONSE_DATA_ERROR,2025-04
2025-04-11 20:03:00,浦东新区 康桥镇 康沈路365号 聚贤楼（驻防车出动）（九小场所-餐饮）（消防处置）（到场处置）,单位,三林大队（六大队）,康桥镇,实警,周浦站,现场为饭店内烧油烟机,半岛微站,4/11/2025 20:04,4/11/2025 20:05,4/11/2025 20:09,44.0,4/11/2025 20:11,是,堵截,内,4/11/2025 20:04,,,失败: ENGINE_RESPONSE_DATA_ERROR,2025-04
2025-04-11 17:54:00,浦东新区 宣桥镇宣桥村547号门口（微站处置）（到场未处置）,杂物,惠南大队（八大队）,宣桥镇,实警,惠南站,现场为室外烧杂草,欣连苑微站,4/11/2025 17:56,4/11/2025 17:56,4/11/2025 18:12,29.0,4/11/2025 18:23,否,了解情况,外,4/11/2025 17:54,,,失败: ENGINE_RESPONSE_DATA_ERROR,2025-04
2025-04-10 17:49:00,浦东新区 唐镇镇 唐陆公路 靠近 银樽路 往南50米（居民处置）（到场未处置）,杂物,川沙大队（三大队）,唐镇,实警,唐镇站,现场为居民在盆子里烧垃圾,唐兴路微站,4/10/2025 17:52,4/10/2025 17:53,4/10/2025 18:04,63.0,4/10/2025 17:58,否,了解情况,外,4/10/2025 17:50,,,失败: ENGINE_RESPONSE_DATA_ERROR,2025-04
2025-04-10 14:27:00,浦东新区 高东镇徐路村穿心宅123号（消防处置）（到场处置）,居民,保税大队（四大队）,高东镇,实警,保税站,现场为卧室内烧家具,徐路村微站,4/10/2025 14:27,4/10/2025 14:28,4/10/2025 14:31,35.0,4/10/2025 14:38,否,了解情况,内,4/10/2025 14:28,,,失败: ENGINE_RESPONSE_DATA_ERROR,2025-04
2025-04-10 12:04:00,浦东新区 周浦镇 周浦万达 靠近 地铁18号线2号口（其他社会力量处置）（到场未处置）,电线,三林大队（六大队）,周浦镇,实警,周浦站,现场为绿化带里烧电灯,半岛微站,4/10/2025 12:05,4/10/2025 12:06,4/10/2025 12:11,29.0,4/10/2025 12:10,否,警戒,外,4/10/2025 12:04,,,失败: ENGINE_RESPONSE_DATA_ERROR,2025-04
2025-04-09 09:33:00,浦东新区 惠南镇 宣黄公路 靠近 英墩路 往北100米（消防处置）（到场处置）,杂物,惠南大队（八大队）,惠南镇,实警,惠南站,室外大棚起火,黄路村微站,4/9/2025 9:33,4/9/2025 9:33,4/9/2025 9:43,5.0,4/9/2025 9:47,否,了解情况,外,4/9/2025 9:33,,,失败: ENGINE_RESPONSE_DATA_ERROR,2025-04
2025-04-07 17:11:00,浦东新区 曹路镇 前锋村家鹿村宅97号农村自建房（消防处置）（到场处置）,居民,外高桥大队（五大队）,曹路镇,实警,曹路站,现场为杂物间内烧杂物,虹星路微站,4/7/2025 17:12,4/7/2025 17:14,4/7/2025 17:16,85.0,4/7/2025 17:15,否,警戒,内,4/7/2025 17:11,,,失败: ENGINE_RESPONSE_DATA_ERROR,2025-04
2025-04-06 09:46:00,浦东新区 川沙新镇 吴店村东桥家宅56号隔壁农村自建房（消防处置）（到场处置）,居民,川沙大队（三大队）,川沙新镇,实警,六灶站,自建房内灶台及木材着火,六团储店微站,4/6/2025 9:47,4/6/2025 9:48,4/6/2025 9:52,84.0,4/6/2025 9:58,是,协助灭火,内,4/6/2025 9:47,,,失败: ENGINE_RESPONSE_DATA_ERROR,2025-04
2025-04-05 18:12:00,浦东新区 金桥镇新虹村张家宅152号 旁边（微站处置）（到场处置）,居民,外高桥大队（五大队）,金桥镇,实警,唐镇站,室外烧杂草,新虹村微站,4/5/2025 18:13,4/5/2025 18:15,4/5/2025 18:19,125.0,4/5/2025 18:29,是,出水处置,外,4/5/2025 18:13,,,失败: ENGINE_RESPONSE_DATA_ERROR,2025-04
2025-04-04 10:35:00,浦东新区 北蔡镇 鹏岳路70号(鹏建苑)20号9楼、11楼、13楼（消防处置）（到场处置）,居民,三林大队（六大队）,北蔡镇,实警,永泰站,9楼11楼13楼烧弱电井,六里（杨莲)微站,4/4/2025 10:36,4/4/2025 10:38,4/4/2025 10:40,97.0,4/4/2025 10:47,否,监护,内,4/4/2025 10:36,,,失败: ENGINE_RESPONSE_DATA_ERROR,2025-04
2025-04-03 21:31:00,浦东新区 曹路镇 金钻路398弄（金群苑）27号1603室（阳台）（居民处置）（到场未处置）,居民,外高桥大队（五大队）,曹路镇,实警,曹路站,阳台花盆着火,金钻路微站,4/3/2025 21:32,4/3/2025 21:33,4/3/2025 21:36,28.0,4/3/2025 21:46,否,了解情况,内,4/3/2025 21:31,,,失败: ENGINE_RESPONSE_DATA_ERROR,2025-04
2025-04-03 18:06:00,浦东新区 泥城镇 云水路 靠近 文采路口 （微站处置）（到场处置）,杂物,临港大队（九大队）,泥城镇,实警,泥城站,室外烧杂物,彭镇微站,4/3/2025 18:06,4/3/2025 18:07,4/3/2025 18:11,56.0,4/3/2025 18:18,是,堵截,外,4/3/2025 18:06,,,失败: ENGINE_RESPONSE_DATA_ERROR,2025-04
2025-04-03 11:18:00,浦东新区 北蔡镇 华春路 靠近 华润路口 河边绿化带（居民处置）（到场未处置）,杂物,三林大队（六大队）,北蔡镇,实警,塘东站,室外烧祭祀,华绣路微站,4/3/2025 11:21,4/3/2025 11:22,4/3/2025 11:24,72.0,4/3/2025 11:32,否,警戒,外,4/3/2025 11:18,,,失败: ENGINE_RESPONSE_DATA_ERROR,2025-04
2025-04-02 22:33:00,浦东新区 康桥镇 秀浦路2388号势通医疗13号8楼（消防处置）（到场处置）,单位,三林大队（六大队）,康桥镇,实警,周浦站,烧办公桌,沿南村微站,4/2/2025 22:35,4/2/2025 22:36,4/2/2025 22:42,50.0,4/2/2025 22:42,否,了解情况,内,4/2/2025 22:34,,,失败: ENGINE_RESPONSE_DATA_ERROR,2025-04
2025-04-02 17:40:00,浦东新区 康桥镇营房村411号 农村自建房（居民处置）（到场未处置）,居民,三林大队（六大队）,康桥镇,实警,周浦站,厨房间烧灶台,康花微站,4/2/2025 17:42,4/2/2025 17:42,4/2/2025 17:53,6.0,4/2/2025 17:50,否,了解情况,内,4/2/2025 17:41,,,失败: ENGINE_RESPONSE_DATA_ERROR,2025-04
2025-04-02 03:08:00,浦东新区 康桥镇 康桥东路1088号 I玖充电站 门口100米左右（驻防车出动）,电线,三林大队（六大队）,康桥镇,实警,申江站,室外充电桩的变电桩起火,孙桥微站,4/2/2025 3:10,4/2/2025 3:11,4/2/2025 3:15,45.0,4/2/2025 3:18,否,了解情况,外,4/2/2025 3:08,,,失败: ENGINE_RESPONSE_DATA_ERROR,2025-04
